{"cameraMode":{"drawMode":0,"name":"Shaded","section":"Shading Mode"},"sceneLighting":true,"audioPlay":false,"sceneViewState":{"showFog":true,"showMaterialUpdate":true,"showSkybox":true,"showFlares":true,"showImageEffects":true,"showParticleSystems":true},"in2DMode":false,"pivot":{"x":6.204037666320801,"y":-6.009942531585693,"z":-12.501100540161133},"rotation":{"x":-0.015891611576080323,"y":0.02970127761363983,"z":-0.00047518612700514495,"w":-0.999432384967804},"size":7.0186004638671879,"orthographic":false}